<?xml version="1.0" encoding="UTF-8"?>
<!DOCTYPE mapper PUBLIC "-//mybatis.org//DTD Mapper 3.0//EN" "http://mybatis.org/dtd/mybatis-3-mapper.dtd">
<mapper namespace="com.team.demo.generator.dao.GameMapper">

    <!-- 通用查询映射结果 -->
    <resultMap id="BaseResultMap" type="com.team.demo.generator.entity.Game">
        <id column="id" property="id" />
        <result column="gamename" property="gamename" />
        <result column="teamname" property="teamname" />
        <result column="time" property="time" />
    </resultMap>

    <!-- 通用查询结果列 -->
    <sql id="Base_Column_List">
        id, gamename, teamname, time
    </sql>

    <!--<update id="updateBalanceByIds">
        UPDATE user SET distance = distance - #{meter} ${ew.customSqlSegment}
    </update>

    <update id="updateDistanceByIds" parameterType="java.lang.Double">
        UPDATE user
        SET distance = distance - #{meter}
        WHERE id IN
        <foreach item="id" collection="ids" open="(" separator="," close=")">
            #{id}
        </foreach>
    </update>-->


    <select id="findWinner" resultType="com.team.demo.generator.entity.Game">
        SELECT * FROM winner;
    </select>

</mapper>
